Diff 1,Diff 2,Mean Difference,T-Statistic,p-value,Reaction Preference,adj p-value,Significance
GalNAc(b1-4),Neu5Ac(a2-8),0.0014285714285713902,0.011307920325171325,0.991036138986748,reverse,0.991036138986748,n.s.
Neu5Ac(a2-3),Neu5Ac(a2-3/8),-16.358848715099995,-3.4985447659156574,0.005496172339442385,forward,0.014553054983124362,*
Neu5Ac(a2-3),Neu5Ac(a2-8),1.6294166666666663,2.733466136557372,0.009702036655416241,reverse,0.014553054983124362,*
