Diff 1,Diff 2,Mean Difference,T-Statistic,p-value,Reaction Preference,adj p-value,Significance
GalNAc(b1-4),Neu5Ac(a2-8),0.006666666666666599,0.054063242547723975,0.9571542887497033,reverse,0.9571542887497033,n.s.
Neu5Ac(a2-3),Neu5Ac(a2-3/8),-23.320267610499993,-5.133146000423886,0.0005716338572568764,forward,0.0017149015717706291,**
Neu5Ac(a2-3),Neu5Ac(a2-8),3.2243055555555538,1.784352125534106,0.08006677208616826,reverse,0.1201001581292524,n.s.
